CONDITION,OUTCOME,YEAR,Geography,SRANum,RegionNum,RegionName,UrbanicitySort,UrbanicityCat,SESSort,Socioeconomic_Category,SDNUM,Supervisor_District,Total_Cases,Total_Rate,Age_Adjusted_Rate,Male_Cases,Male_Rate,Female_Cases,Female_Rate,White_Cases,White_Rate,Black_Cases,Black_Rate,Hispanic_Cases,Hispanic_Rate,Asian_Pacific_Islander_Cases,Asian_Pacific_Islander_Rate,Other_Race_Ethnicity_Cases,Other_Race_Ethnicity_Rate,Age_Group_0_to_14_Cases,Age_Group_0_to_14_Rate,Age_Group_15_to_24_Cases,Age_Group_15_to_24_Rate,Age_Group_25_to_44_Cases,Age_Group_25_to_44_Rate,Age_Group_45_to_64_Cases,Age_Group_45_to_64_Rate,Age_Group_65Plus_Cases,Age_Group_65Plus_Rate
Mood Disorders,Hospitalization,2010,San Diego County (Actual Rate),0,0,COUNTY,99,,99,,99,County Total,9849,318.190761322038,310.734215298029,4200,270.326109833498,5649,366.429385963205,6864,457.585662315914,716,488.403819918145,1544,155.747527608872,309,90.4667381031848,213,184.007740419503,732,122.784181640075,2228,449.333965251238,2876,322.607783641901,3193,419.916095687739,820,233.335704631145
Mood Disorders,Hospitalization,2010,Central Region,99,99,REGION CENTRAL,99,,99,,99,Central Region,2157,445.276599961191,440.779169224701,1069,431.579159853853,1088,459.608909991847,1266,881.370091896408,329,580.472140865944,419,205.027328821753,65,101.754880320606,49,308.992306722159,102,113.552868879834,324,389.713488416849,759,470.094204648916,833,780.576483376438,139,321.157089716042
Mood Disorders,Hospitalization,2010,Central San Diego,1,3,CENTRAL,5,Very Urban Area,2,Low Income,4,Supervisorial District 4,1082,653.496083251294,629.498605903139,597,659.522757401679,485,646.227232148805,753,915.04538770947,113,984.149102943738,158,274.200826073375,21,247.087892693258,26,457.988374141272,26,134.30445787489,108,469.769464984776,392,562.152240004589,473,1246.44250026352,83,534.036803500193
Mood Disorders,Hospitalization,2010,Mid-City,6,3,CENTRAL,5,Very Urban Area,1,Lowest Income,4,Supervisorial District 4,610,374.136725506311,379.653012473971,264,325.095127267354,346,422.801979593084,353,759.956942949408,92,476.239776374366,127,185.49623895421,20,84.9076629165782,12,228.397411496003,42,124.230951254141,103,309.495192307692,212,420.601539560352,216,659.199804681539,37,289.446921692873
Mood Disorders,Hospitalization,2010,Southeastern San Diego,5,3,CENTRAL,5,Very Urban Area,2,Low Income,4,Supervisorial District 4,465,298.449985558872,299.430481369784,208,273.79949452401,257,321.905883237096,160,1073.89757701859,124,479.1714970245,134,171.189125657928,24,75.4124116260801,11,223.259590014207,34,92.746665211817,113,420.574661307131,155,375.111928559328,144,399.988889197522,19,127.039315324953
Mood Disorders,Hospitalization,2010,East Region,99,99,REGION EAST,99,,99,,99,East Region,2035,439.422337770023,427.304334950432,826,362.202859911686,1209,514.338953198984,1574,563.632457208336,132,496.651365791256,231,199.820075429916,27,130.598819773629,30,142.911585365854,131,145.570112566812,495,722.364100693178,532,438.954759606261,701,550.041194240653,176,314.566577301162
Mood Disorders,Hospitalization,2010,Alpine,38,5,EAST,1,Rural Area,5,High Income,2,Supervisorial District 2,64,425.673428666445,418.259660850026,24,321.758948920767,40,527.983104540655,54,457.200914401829,,,6,270.880361173815,,,,,,,23,1165.73745565129,14,427.742132600061,22,451.745379876797,,
Mood Disorders,Hospitalization,2010,El Cajon,34,5,EAST,4,Urban Area,2,Low Income,2,Supervisorial District 2,438,351.733774472801,339.809313239812,188,308.571053409054,250,393.081761006289,327,443.931577518327,35,500.142897970849,54,162.905756003379,7,157.551204141346,7,111.518241198025,28,109.855618330195,102,518.81993896236,95,287.774142735975,166,523.675825735828,47,320.447262562215
Mood Disorders,Hospitalization,2010,Harbison Crest/El Cajon,37,5,EAST,99,,99,,2,Supervisorial District 2,758,544.653699405767,526.199308620324,302,442.581628465912,456,642.842038485938,579,678.836481305617,45,631.756282465253,95,269.534131532656,11,233.943002977456,11,161.598354634935,50,180.121762311322,168,780.487804878049,170,474.290656474067,284,768.918370109652,86,502.65941901923
Mood Disorders,Hospitalization,2010,Jamul,30,5,EAST,1,Rural Area,6,Highest Income,2,Supervisorial District 2,48,253.191264901361,231.05808534345,19,174.32791999266,29,359.846134756173,34,324.303700877528,8,875.27352297593,5,86.4154856550294,,,,,,,18,567.10775047259,8,166.805671392827,15,250.45917515445,,
Mood Disorders,Hospitalization,2010,La Mesa,33,5,EAST,4,Urban Area,2,Low Income,2,Supervisorial District 2,340,575.35451991742,563.547133804499,159,564.169889649789,181,585.552068842807,268,723.483519153416,25,603.573153066152,32,269.973846283641,,,,,19,197.341088491899,73,865.544225752905,106,620.717924694033,115,748.697916666667,27,314.13612565445
Mood Disorders,Hospitalization,2010,Laguna-Pine Valley,61,5,EAST,1,Rural Area,3,Moderately Low Income,2,Supervisorial District 2,7,132.62599469496,110.140758818773,5,178.571428571429,,,5,126.871352448617,,,,,,,,,,,,,,,,,,
Mood Disorders,Hospitalization,2010,Lakeside,36,5,EAST,2,Exurban Area,3,Moderately Low Income,2,Supervisorial District 2,181,323.09889325241,316.332727673019,59,212.965636731158,122,430.85181522814,150,367.224031140598,,,18,173.694876001158,,,6,228.310502283105,8,69.6864111498258,37,462.5,55,379.755575502313,68,424.336973478939,13,215.51724137931
Mood Disorders,Hospitalization,2010,Lemon Grove,32,5,EAST,5,Very Urban Area,2,Low Income,2,Supervisorial District 2,117,392.472577236591,383.381556541814,52,358.645423822333,65,424.503657262278,83,876.729692616457,14,318.326512050932,15,119.932837610938,,,,,8,127.612059339608,36,788.781770376862,21,261.714855433699,39,510.337607956032,13,392.512077294686
Mood Disorders,Hospitalization,2010,Mountain Empire,62,5,EAST,1,Rural Area,2,Low Income,2,Supervisorial District 2,16,210.83146659639,192.096825125163,,,12,342.368045649073,9,217.443827011355,,,,,,,,,,,,,,,9,395.604395604396,,
Mood Disorders,Hospitalization,2010,Santee,35,5,EAST,3,Suburban Area,4,Moderately High Income,2,Supervisorial District 2,236,461.379054172939,452.950316805472,92,371.477024953565,144,545.764638999431,200,526.634541959607,,,20,245.88148512417,6,288.184438040346,,,20,203.769740193581,68,971.706201771935,63,454.217736121125,71,481.323300115246,14,244.88368025188
Mood Disorders,Hospitalization,2010,Spring Valley,31,5,EAST,4,Urban Area,4,Moderately High Income,2,Supervisorial District 2,268,330.860112838113,330.604288866051,110,279.053248433497,158,379.972103313934,192,501.855821004757,30,387.196695921528,36,138.185168125288,,,,,19,112.592592592593,67,554.406288787753,91,432.057734308233,75,347.753512310474,16,169.995750106247
Mood Disorders,Hospitalization,2010,North Central Region,99,99,REGION N CENTRAL,99,,99,,99,North Central Region,1586,262.604955054152,258.533642572208,660,216.020188068485,926,310.298838557479,1190,325.947919548384,79,420.951670485427,154,179.774231581896,77,71.0889535152103,47,179.973195481524,153,161.774657418373,374,364.57216384302,487,253.692079285286,420,293.821356615178,152,211.469434319263
Mood Disorders,Hospitalization,2010,Pauma,54,6,N INLAND,1,Rural Area,5,High Income,5,Supervisorial District 5,,,,,,,,,,,,,,,,,,,,,,,,,,,
Mood Disorders,Hospitalization,2010,Coastal,11,2,N CENTRAL,3,Suburban Area,5,High Income,4,Supervisorial District 4,204,270.646766169154,270.120834542941,80,205.962617784872,124,339.419155284264,161,264.667685883842,5,686.813186813187,15,186.428038777032,8,242.571255306246,9,364.077669902913,14,182.007280291212,34,305.124293278291,76,274.437583504857,54,328.267477203647,26,209.728160038719
Mood Disorders,Hospitalization,2010,Del Mar-Mira Mesa,13,2,N CENTRAL,3,Suburban Area,6,Highest Income,3,Supervisorial District 3,286,181.507783891502,188.21115620657,111,140.383715489003,175,222.929936305732,214,281.74577052202,15,405.186385737439,16,101.272232419773,26,47.33296923357,10,139.217597104274,33,102.078693392725,78,404.166018964713,87,183.026886018429,65,145.108719917846,23,168.943734391068
Mood Disorders,Hospitalization,2010,Elliott-Navajo,17,2,N CENTRAL,2,Exurban Area,5,High Income,3,Supervisorial District 3,259,290.665050613876,296.218587409736,129,298.376277929407,130,283.397279386118,199,331.186446319503,11,273.563790101965,37,285.163776493256,,,5,115.420129270545,34,199.238206856138,62,558.911024970702,65,258.192651439921,84,373.532550693703,14,105.382009785472
Mood Disorders,Hospitalization,2010,Kearny Mesa,10,2,N CENTRAL,4,Urban Area,3,Moderately Low Income,4,Supervisorial District 4,573,378.948203798741,382.349409869146,211,280.037692277065,362,477.188542202186,400,474.253939271783,40,595.592614651578,69,206.056262318581,29,146.279949558638,16,233.986545773618,57,245.287890524141,142,602.793224943753,165,331.858407079646,145,406.983271584147,64,335.69367951744
Mood Disorders,Hospitalization,2010,Miramar,16,2,N CENTRAL,99,,99,,3,Supervisorial District 3,,,,,,,,,,,,,,,,,,,,,,,,,,,
Mood Disorders,Hospitalization,2010,Peninsula,2,2,N CENTRAL,4,Urban Area,3,Moderately Low Income,4,Supervisorial District 4,168,266.937841616881,261.036310922079,84,245.73618465319,84,292.143428511807,142,296.061547442821,5,238.208670795617,12,146.412884333821,,,5,202.511138112596,12,152.866242038217,37,296.023681894552,69,327.900014256522,37,258.452081587035,13,179.856115107914
Mood Disorders,Hospitalization,2010,University,12,2,N CENTRAL,4,Urban Area,4,Moderately High Income,3,Supervisorial District 3,94,149.855724010394,191.581081273066,45,144.834245252655,49,154.784091985975,72,218.672173965863,,,5,81.5261699005381,10,49.7215592680987,,,,,20,91.1660133102379,24,121.543603767852,35,380.890194798128,12,190.930787589499
Mood Disorders,Hospitalization,2010,North Coastal Region,99,99,REGION N COASTAL,99,,99,,99,North Coastal Region,1374,271.624707173146,265.744504799045,560,217.194850930641,814,328.209925326194,1068,357.023467272849,49,337.395854850926,161,111.82729975273,27,89.9070960007992,26,143.022168436108,104,102.930551569196,355,424.032489249881,370,271.020575589103,411,328.899985595621,134,224.820898276932
Mood Disorders,Hospitalization,2010,Carlsbad,41,1,N COASTAL,3,Suburban Area,5,High Income,5,Supervisorial District 5,257,224.03933328684,229.067566447443,114,204.407308457801,143,242.615496852785,216,256,5,315.656565656566,19,113.977204559088,6,73.9918608953015,,,20,91.0705341286827,58,474.554082801505,71,235.896072828759,80,245.270871018181,28,157.179746266981
Mood Disorders,Hospitalization,2010,Oceanside,42,1,N COASTAL,3,Suburban Area,3,Moderately Low Income,5,Supervisorial District 5,556,348.109191084398,343.202453084544,221,278.843242152014,335,416.335255517996,410,552.248053662348,30,432.463600980251,71,118.532863653817,11,89.7666068222621,18,281.778334376957,52,161.822368830522,137,540.26342771512,156,349.258944163346,168,429.403946426746,43,233.214014535199
Mood Disorders,Hospitalization,2010,Pendleton,43,1,N COASTAL,99,,99,,5,Supervisorial District 5,6,16.0205062479974,5.464226179092,,,,,,,,,,,,,,,,,5,24.997500249975,,,,,,
Mood Disorders,Hospitalization,2010,San Dieguito,40,1,N COASTAL,2,Exurban Area,6,Highest Income,3,Supervisorial District 3,252,269.438029253272,273.30472577282,91,197.774493610363,161,338.833235120801,225,306.786108724997,,,11,87.7053101578696,5,118.427285646613,,,12,70.9345628657563,58,618.336886993603,63,255.443376718161,81,276.073619631902,38,287.269428485032
Mood Disorders,Hospitalization,2010,Vista,52,1,N COASTAL,3,Suburban Area,2,Low Income,5,Supervisorial District 5,303,301.693666424382,297.594558952225,130,256.405199108499,173,347.864554009491,214,487.96059832178,13,480.236424085704,59,126.422250316056,5,120.598166907863,,,20,93.8570557041626,97,578.828022437045,79,275.184617528215,82,347.988456968257,25,247.671884287696
Mood Disorders,Hospitalization,2010,North Inland Region,99,99,REGION N INLAND,99,,99,,99,North Inland Region,1534,269.355303173968,269.409290208249,628,223.888312530972,906,313.482877814339,1216,386.294180808549,52,502.415458937198,151,92.0619436654067,44,74.3758346151896,43,202.897183032133,148,123.826575860511,378,490.348692403487,415,279.581772615807,448,294.135026360539,145,200.967415559036
Mood Disorders,Hospitalization,2010,Anza-Borrego Springs,63,6,N INLAND,1,Rural Area,1,Lowest Income,5,Supervisorial District 5,20,450.45045045045,589.88882036763,11,489.759572573464,9,410.2096627165,16,570.816981805209,,,,,,,,,,,,,5,816.993464052288,9,620.689655172414,,
Mood Disorders,Hospitalization,2010,Escondido,50,6,N INLAND,2,Exurban Area,3,Moderately Low Income,3,Supervisorial District 3,484,296.894265156023,301.152852188225,190,234.942068232123,294,357.881923311016,370,520.393811533052,23,683.506686478455,69,93.104844150587,8,78.3392087739914,7,165.328294756731,40,110.518608570718,102,397.862464406912,144,318.077398833716,152,395.905503607428,46,262.46719160105
Mood Disorders,Hospitalization,2010,Fallbrook,55,6,N INLAND,1,Rural Area,4,Moderately High Income,5,Supervisorial District 5,134,283.27414172163,271.309956993018,68,288.771870222524,66,277.824549587473,112,410.18128547885,,,14,81.2347684809098,,,,,14,158.478605388273,41,575.519371139809,21,210.294412177048,34,258.044930176078,24,293.255131964809
Mood Disorders,Hospitalization,2010,North San Diego,14,6,N INLAND,3,Suburban Area,6,Highest Income,3,Supervisorial District 3,250,234.649246306621,246.786702985879,133,258.267471891567,117,212.553365428286,196,312.809218296147,6,235.571260306243,10,93.8526513374003,19,74.0769620647979,11,218.557520365587,28,124.810555406972,70,611.620795107034,61,197.827144478677,67,231.449495647368,24,186.335403726708
Mood Disorders,Hospitalization,2010,Palomar-Julian,60,6,N INLAND,1,Rural Area,2,Low Income,5,Supervisorial District 5,9,143.609382479655,156.590477352247,,,5,156.985871271586,8,173.160173160173,,,,,,,,,,,,,,,,,,
Mood Disorders,Hospitalization,2010,Poway,15,6,N INLAND,2,Exurban Area,6,Highest Income,2,Supervisorial District 2,221,256.050793062298,266.689214803013,80,189.708323452692,141,319.430914569221,179,308.812366296322,7,463.269358041032,20,193.685841564982,5,38.0662352493338,6,177.777777777778,20,112.917795844625,69,682.560094964883,48,230.73595154545,60,223.322291286709,24,221.81146025878
Mood Disorders,Hospitalization,2010,Ramona,39,6,N INLAND,1,Rural Area,5,High Income,2,Supervisorial District 2,128,367.077717235446,383.518215793632,50,285.176524268522,78,449.904827824883,111,446.9498691363,,,7,85.2618757612668,,,,,13,185.555238367114,34,658.022063092704,47,591.865004407505,30,272.281720820476,,
Mood Disorders,Hospitalization,2010,San Marcos,51,6,N INLAND,3,Suburban Area,3,Moderately Low Income,5,Supervisorial District 5,224,248.985716667593,249.068588337577,69,156.832439312665,155,337.183754269181,171,376.34526927394,12,681.044267877412,24,73.5925426223476,5,68.6436024162548,8,278.745644599303,23,114.844959304938,48,382.622558788362,57,225.706818721787,78,382.784511949747,18,153.035198095562
Mood Disorders,Hospitalization,2010,Valley Center,53,6,N INLAND,1,Rural Area,5,High Income,5,Supervisorial District 5,60,257.179597085298,297.507800122917,20,170.82336863683,40,344.174840819136,49,327.474436944463,,,,,,,5,319.488817891374,6,145.454545454545,12,388.22387576836,27,581.520568597889,12,156.026524509167,,
Mood Disorders,Hospitalization,2010,South Region,99,99,REGION SOUTH,99,,99,,99,South Region,1163,248.247008975741,242.179102228039,457,195.23406727672,706,301.185544800283,550,560.46957159744,75,380.633373934227,428,154.108725866502,69,115.958591019091,18,134.138162307176,94,92.8725275159563,302,373.817893746596,313,237.284794820672,380,358.449986793948,74,152.382521312961
Mood Disorders,Hospitalization,2010,Chula Vista,21,4,SOUTH,5,Very Urban Area,1,Lowest Income,1,Supervisorial District 1,482,418.279327281879,409.652124706096,201,361.894816441908,281,470.741963044243,249,1165.62119651718,19,480.890913692736,184,226.224872441139,16,265.604249667995,8,312.256049960968,44,179.665169456921,126,670.46240621508,108,348.657024793388,166,627.338347001247,38,261.816177483809
Mood Disorders,Hospitalization,2010,Coronado,3,4,SOUTH,2,Exurban Area,6,Highest Income,1,Supervisorial District 1,37,149.803635774728,165.631416778558,14,96.2596259625963,23,226.489414081733,32,178.611297164546,,,,,,,,,5,159.744408945687,6,92.6640926640927,14,212.378640776699,11,219.079864568811,,
Mood Disorders,Hospitalization,2010,National City,4,4,SOUTH,5,Very Urban Area,1,Lowest Income,1,Supervisorial District 1,152,260.639939641277,267.133358808842,66,219.97800219978,86,303.725940314321,69,1015.75150890623,10,390.777647518562,55,148.108253669045,15,142.314990512334,,,8,65.6383327863472,32,261.224489795918,31,197.138314785374,68,567.091985655909,13,210.902011680727
Mood Disorders,Hospitalization,2010,South Bay,22,4,SOUTH,3,Suburban Area,2,Low Income,1,Supervisorial District 1,297,220.14023748462,217.345612079165,117,171.907140758155,180,269.243425973016,119,579.780755176614,23,424.041297935103,128,138.480180024234,18,137.793768659573,,,20,67.615538050644,64,267.827251422832,107,282.053985660059,91,297.395339716984,15,116.243025418475
Mood Disorders,Hospitalization,2010,Sweetwater,20,4,SOUTH,3,Suburban Area,6,Highest Income,1,Supervisorial District 1,195,144.102867277564,140.815971083787,59,89.4888518125284,136,195.993659028679,81,256.849315068493,23,368.412622136793,60,94.5328501654325,20,69.204152249135,6,116.031715335525,17,53.4137681842461,74,381.955197687623,53,130.285152409046,44,137.758296806512,7,60.8748586833638
Mood Disorders,Hospitalization,2010,Unknown,99,99,UNKNOWN,99,,99,,99,,,,,,,,,,,,,,,,,,,,,,,,,,,,
Mood Disorders,Hospitalization,2011,San Diego County (Actual Rate),0,0,COUNTY,99,,99,,99,County Total,10307,330.796807250763,322.503504725112,4361,279.052207910212,5946,382.866930239147,6964,465.638126160919,702,491.235436128897,1657,163.932155633647,339,97.2115483878368,370,314.051691210797,802,135.138550714869,2457,492.837113021571,3086,346.381569716867,3141,407.408848593331,821,226.853233418438
Mood Disorders,Hospitalization,2011,Central Region,99,99,REGION CENTRAL,99,,99,,99,Central Region,2190,451.018189007513,440.088919328465,1112,448.213594737521,1078,453.948254952163,1294,909.25060604996,293,534.106237923366,418,201.135598113752,79,122.393331887336,51,318.173310874041,97,107.66771744439,373,464.513879375833,762,468.677922317557,816,751.865843545563,142,322.273160546503
Mood Disorders,Hospitalization,2011,Central San Diego,1,3,CENTRAL,5,Very Urban Area,2,Low Income,4,Supervisorial District 4,1049,632.057168335683,598.928120641051,610,673.415541547531,439,582.359417905894,729,890.653634697618,106,953.752024473637,133,226.776701677807,25,290.023201856148,26,453.435647017789,16,79.613872717321,135,651.010271495395,391,555.279414897394,437,1130.13344367436,70,436.164246993582
Mood Disorders,Hospitalization,2011,Mid-City,6,3,CENTRAL,5,Very Urban Area,1,Lowest Income,4,Supervisorial District 4,671,411.162038285252,408.815805159532,292,359.287331430259,379,462.623895317611,393,859.053947713561,81,430.919827632069,128,184.008510393606,32,134.532918523501,19,358.287761644352,34,100.618507886715,125,386.482391862227,234,461.784382215381,236,704.856340720387,42,325.404819090416
Mood Disorders,Hospitalization,2011,Southeastern San Diego,5,3,CENTRAL,5,Very Urban Area,2,Low Income,4,Supervisorial District 4,470,300.49998081915,296.52664917218,210,275.442347293451,260,324.331067173954,172,1168.71645036353,106,424.900789674109,157,197.211405602311,22,68.4505289359054,6,120.192307692308,47,129.819909402276,113,415.151181160219,137,330.144347784177,143,393.073117097306,30,198.596584138753
Mood Disorders,Hospitalization,2011,East Region,99,99,REGION EAST,99,,99,,99,East Region,2025,433.944069431051,426.564102253752,787,342.485127790035,1238,522.673827044782,1458,522.533823134128,134,514.454639689792,255,214.40462777675,20,94.2862530643032,94,438.59649122807,117,131.217405932821,454,654.329528421538,635,525.210084033614,632,491.041598682268,187,319.707305397412
Mood Disorders,Hospitalization,2011,Alpine,38,5,EAST,1,Rural Area,5,High Income,2,Supervisorial District 2,52,343.030542911802,351.501669469019,18,238.916910007964,34,445.901639344262,45,382.555470543229,,,,,,,,,,,19,896.22641509434,13,409.191060749134,12,244.249949114594,5,224.618149146451
Mood Disorders,Hospitalization,2011,El Cajon,34,5,EAST,4,Urban Area,2,Low Income,2,Supervisorial District 2,433,345.67270462946,341.891382739874,195,317.86913572197,238,372.357901653707,302,410.772578890098,37,539.909528673574,49,144.21944902284,,,30,471.105527638191,27,106.71514959883,98,497.714575926866,128,386.590154032015,124,387.052470580891,56,370.247933884298
Mood Disorders,Hospitalization,2011,Harbison Crest/El Cajon,37,5,EAST,99,,99,,2,Supervisorial District 2,813,580.573289344017,580.539776093994,323,470.064324591786,490,687.044307347168,584,685.993515951699,60,858.98353614889,91,251.38815989392,6,124.53300124533,45,652.173913043478,42,152.56638453994,183,845.656192236599,255,710.563713879678,235,630.584699600182,98,553.328439952572
Mood Disorders,Hospitalization,2011,Jamul,30,5,EAST,1,Rural Area,6,Highest Income,2,Supervisorial District 2,43,244.623961770395,232.800949796274,17,168.250197941409,26,347.872625100348,29,303.410755388157,,,9,164.024056861673,,,,,,,14,464.037122969838,13,300.161625490649,11,197.20329867336,,
Mood Disorders,Hospitalization,2011,La Mesa,33,5,EAST,4,Urban Area,2,Low Income,2,Supervisorial District 2,339,565.131864101624,561.001447780906,132,461.10315436476,207,660.097579642208,244,654.278282787655,20,486.736432221952,41,332.522303325223,,,23,861.74597227426,22,224.352437283296,58,710.001224140042,113,646.934218812618,120,764.867104340621,26,293.619424054207
Mood Disorders,Hospitalization,2011,Laguna-Pine Valley,61,5,EAST,1,Rural Area,3,Moderately Low Income,2,Supervisorial District 2,5,88.6053517632465,53.4910447278216,,,5,189.537528430629,,,,,,,,,,,,,,,,,,,,
Mood Disorders,Hospitalization,2011,Lakeside,36,5,EAST,2,Exurban Area,3,Moderately Low Income,2,Supervisorial District 2,180,319.352778369172,300.562065972709,64,229.588176208925,116,407.18899185622,143,349.8642135395,,,16,150.602409638554,,,7,262.8614344724,15,132.368513942817,32,396.923840238154,53,368.285734139393,72,444.115470022206,8,125.647871839171
Mood Disorders,Hospitalization,2011,Lemon Grove,32,5,EAST,5,Very Urban Area,2,Low Income,2,Supervisorial District 2,115,383.986109719857,380.37343060253,46,315.825609337453,69,448.517940717629,66,705.655939270822,13,304.235899836181,26,202.982278085721,,,,,5,80.9192425958893,34,728.051391862955,37,463.83352137395,27,350.421804023361,12,351.082504388531
Mood Disorders,Hospitalization,2011,Mountain Empire,62,5,EAST,1,Rural Area,2,Low Income,2,Supervisorial District 2,35,411.47425346814,394.144846582245,14,305.944055944056,21,534.351145038168,25,554.20084238528,,,5,161.759948236817,,,,,5,302.114803625378,9,737.704918032787,8,417.101147028154,13,522.928399034594,,
Mood Disorders,Hospitalization,2011,Santee,35,5,EAST,3,Suburban Area,4,Moderately High Income,2,Supervisorial District 2,196,379.161588609676,365.080475283277,88,351.662404092072,108,404.96456560051,162,424.361493123772,,,14,166.825548141087,,,9,422.336931018301,8,82.525273364968,57,786.749482401656,59,430.562650514486,59,393.254682396854,13,214.94708994709
Mood Disorders,Hospitalization,2011,Spring Valley,31,5,EAST,4,Urban Area,4,Moderately High Income,2,Supervisorial District 2,247,302.185030218503,300.741087935763,85,213.750440074435,162,385.971600114362,156,407.757854566365,32,422.498019540533,49,183.074911264711,,,,,13,77.714012434242,47,379.613924561829,84,399.67645239568,79,363.018104953589,24,243.654822335025
Mood Disorders,Hospitalization,2011,North Central Region,99,99,REGION N CENTRAL,99,,99,,99,North Central Region,1735,284.545178722253,279.099123621786,678,219.807295786703,1057,350.821293558098,1291,353.50589678504,80,427.899015832264,156,177.791960612243,96,86.1025158078838,65,244.250713963625,182,192.831336151637,396,382.431336191911,545,281.415234633179,441,305.247347255196,171,232.094140640906
Mood Disorders,Hospitalization,2011,Coastal,11,2,N CENTRAL,3,Suburban Area,5,High Income,4,Supervisorial District 4,238,315.002316193501,307.973156561452,92,236.254847076346,146,398.754574752827,195,321.644179065088,,,13,157.709571757855,13,381.679389312977,7,277.888050813815,7,91.9117647058823,48,434.861387932596,78,279.810589754628,58,353.421485588934,47,372.601870937054
Mood Disorders,Hospitalization,2011,Del Mar-Mira Mesa,13,2,N CENTRAL,3,Suburban Area,6,Highest Income,3,Supervisorial District 3,328,206.963566840398,207.025917493811,141,177.572918240895,187,236.475378739978,217,286.359017669803,20,556.173526140156,25,155.183116076971,42,75.29580494801,14,193.986420950533,55,173.108397330983,92,460.161056369729,88,188.752091287375,77,168.420131673921,16,111.296605453534
Mood Disorders,Hospitalization,2011,Elliott-Navajo,17,2,N CENTRAL,2,Exurban Area,5,High Income,3,Supervisorial District 3,281,314.229801509645,324.564042142876,116,267.348867224412,165,358.415153358241,211,352.283162200518,17,427.243025885901,35,265.25198938992,,,12,271.24773960217,50,294.846090340842,66,609.249515369704,76,299.507389162562,73,323.10892754393,16,117.078881896678
Mood Disorders,Hospitalization,2011,Kearny Mesa,10,2,N CENTRAL,4,Urban Area,3,Moderately Low Income,4,Supervisorial District 4,608,400.801603206413,398.826590246089,214,283.207389860117,394,517.515400680388,439,522.973922780935,34,515.698468072198,67,196.625091709464,25,123.983336639556,22,317.873139719694,58,246.808510638298,127,577.587775150082,186,367.001440381997,179,495.254959466563,58,299.215848122163
Mood Disorders,Hospitalization,2011,Miramar,16,2,N CENTRAL,99,,99,,3,Supervisorial District 3,,,,,,,,,,,,,,,,,,,,,,,,,,,
Mood Disorders,Hospitalization,2011,Peninsula,2,2,N CENTRAL,4,Urban Area,3,Moderately Low Income,4,Supervisorial District 4,165,261.655566127498,251.534660584958,66,192.005585617036,99,345.11608450115,148,310.240016769731,,,11,131.124091071641,,,,,7,88.3169316174615,34,275.817311592439,75,351.600956354601,35,245.872848612575,14,193.343460847949
Mood Disorders,Hospitalization,2011,University,12,2,N CENTRAL,4,Urban Area,4,Moderately High Income,3,Supervisorial District 3,113,169.970819169098,199.322918081815,48,145.808019441069,65,193.671414099279,79,230.953633865404,,,5,74.5712155108128,13,60.0046157396723,7,255.567725447244,5,85.6898029134533,28,115.36876802637,42,203.026055010393,18,193.590019359002,20,312.891113892365
Mood Disorders,Hospitalization,2011,North Coastal Region,99,99,REGION N COASTAL,99,,99,,99,North Coastal Region,1494,293.040580432186,285.734143028218,628,241.836105976587,866,346.196436495341,1151,384.917649026001,58,405.027932960894,169,115.133595847015,30,96.9399295569845,60,320.017067576937,139,138.31809180739,417,494.216364843083,387,283.466643227564,447,352.531999968454,104,168.729821373526
Mood Disorders,Hospitalization,2011,Carlsbad,41,1,N COASTAL,3,Suburban Area,5,High Income,5,Supervisorial District 5,322,277.931224968927,295.947801236356,108,191.774984018751,214,359.422237151495,279,329.467891641671,5,317.662007623888,16,93.1695102777616,11,131.578947368421,8,196.705188099336,34,155.913238868253,103,802.805923616524,84,283.745439805432,72,217.253553000815,29,156.977373606149
Mood Disorders,Hospitalization,2011,Oceanside,42,1,N COASTAL,3,Suburban Area,3,Moderately Low Income,5,Supervisorial District 5,594,371.029701114963,367.006307392141,268,337.2935964559,326,404.270886295713,430,583.478072079896,37,553.726429212811,83,136.544599085316,10,80.6256550834476,25,382.96568627451,58,177.799576959627,142,573.598319599289,155,346.934664368691,199,506.168129212769,40,213.606749973299
Mood Disorders,Hospitalization,2011,Pendleton,43,1,N COASTAL,99,,99,,5,Supervisorial District 5,6,15.9358317176171,4.10255955022932,,,,,,,,,,,,,,,,,6,29.5901760615476,,,,,,
Mood Disorders,Hospitalization,2011,San Dieguito,40,1,N COASTAL,2,Exurban Area,6,Highest Income,3,Supervisorial District 3,240,252.908447142135,275.191581779101,110,235.732807577738,130,269.525013994568,210,283.733938632402,,,13,100.115517905275,,,6,204.290091930541,21,125.695816124978,77,768.309718619038,63,257.647636185179,60,201.65355918532,19,136.093403051357
Mood Disorders,Hospitalization,2011,Vista,52,1,N COASTAL,3,Suburban Area,2,Low Income,5,Supervisorial District 5,332,327.645590107472,320.809810232854,138,269.979458084711,194,386.346437248576,228,522.564231853499,14,532.319391634981,57,119.356730044392,8,189.259522119707,20,648.298217179903,26,121.432908318154,89,539.688314838397,85,293.802495592963,116,481.567585519761,16,153.727901614143
Mood Disorders,Hospitalization,2011,North Inland Region,99,99,REGION N INLAND,99,,99,,99,North Inland Region,1627,283.170746564792,283.31075013352,629,222.239495738937,998,342.32361587037,1206,384.224494152205,55,540.009818360334,201,119.36434034871,56,92.485549132948,73,338.605686720163,146,123.033362265836,444,556.795666022924,438,297.949049352063,478,309.363087417724,121,162.111468381565
Mood Disorders,Hospitalization,2011,Anza-Borrego Springs,63,6,N INLAND,1,Rural Area,1,Lowest Income,5,Supervisorial District 5,22,471.39490036426,689.582457144144,14,595.744680851064,8,345.274061286146,20,708.71722182849,,,,,,,,,,,,,7,1104.10094637224,7,480.109739368999,,
Mood Disorders,Hospitalization,2011,Escondido,50,6,N INLAND,2,Exurban Area,3,Moderately Low Income,3,Supervisorial District 3,546,332.46259795773,332.105456197737,214,262.608909068597,332,401.261799151549,368,521.734199109649,31,941.390829031278,107,141.310089804543,10,96.3576797070726,21,487.918215613383,43,119.057507544923,127,490.40429393366,158,349.09412284578,187,477.918626047843,31,173.893532282493
Mood Disorders,Hospitalization,2011,Fallbrook,55,6,N INLAND,1,Rural Area,4,Moderately High Income,5,Supervisorial District 5,130,271.557486631016,276.431711063689,48,201.249423504256,82,341.367969693185,99,363.542890716804,,,20,112.340616749986,,,,,15,169.510679172788,33,455.360838967849,35,346.054973304331,33,251.141552511416,14,164.280685285144
Mood Disorders,Hospitalization,2011,North San Diego,14,6,N INLAND,3,Suburban Area,6,Highest Income,3,Supervisorial District 3,349,324.304232681318,345.041859143662,131,251.763304057041,218,392.213306466122,267,425.1186192402,,,27,246.845858475041,23,87.5423438511019,18,352.595494613124,43,192.290492800286,124,1033.33333333333,85,279.292896103043,68,230.430362588953,29,217.897663235405
Mood Disorders,Hospitalization,2011,Palomar-Julian,60,6,N INLAND,1,Rural Area,2,Low Income,5,Supervisorial District 5,10,155.56938394524,150.060254477776,6,189.334174818555,,,8,172.86084701815,,,,,,,,,,,,,,,,,,
Mood Disorders,Hospitalization,2011,Pauma,54,6,N INLAND,1,Rural Area,5,High Income,5,Supervisorial District 5,15,192.975685063682,182.915179033293,8,199.850112415688,7,185.676392572944,8,256.081946222791,,,,,,,5,372.5782414307,,,8,736.648250460405,,,6,293.111871030777,,
Mood Disorders,Hospitalization,2011,Poway,15,6,N INLAND,2,Exurban Area,6,Highest Income,2,Supervisorial District 2,217,249.709439477106,250.672058418473,79,186.101295641932,138,310.454208004319,180,310.628677929832,8,540.540540540541,6,56.4759036144578,12,89.2857142857143,7,205.278592375367,13,75.4191564657423,74,675.552309658572,43,213.685832132386,71,259.816298898525,16,142.095914742451
Mood Disorders,Hospitalization,2011,Ramona,39,6,N INLAND,1,Rural Area,5,High Income,2,Supervisorial District 2,110,310.445065334575,313.181312688717,40,224.744353298123,70,396.937907570173,86,343.69754615938,,,9,105.596620908131,,,6,591.133004926108,6,87.7706260971328,29,528.714676390155,39,493.358633776091,33,294.80078613543,,
Mood Disorders,Hospitalization,2011,San Marcos,51,6,N INLAND,3,Suburban Area,3,Moderately Low Income,5,Supervisorial District 5,190,210.671042710782,211.983713640035,68,154.13908785928,122,264.80291717312,143,318.24453643121,9,526.315789473684,23,69.1604522492182,5,67.5128274372131,5,173.490631505899,20,100.558097440796,32,250.254164385704,58,232.903666224953,57,275.322417041009,23,193.179909289434
Mood Disorders,Hospitalization,2011,Valley Center,53,6,N INLAND,1,Rural Area,5,High Income,5,Supervisorial District 5,38,161.984739332452,177.478057288421,21,178.450033990483,17,145.410999914464,27,182.063385030344,,,6,100.066711140761,,,5,315.059861373661,,,12,368.437212158428,11,244.010647737356,12,156.76028739386,,
Mood Disorders,Hospitalization,2011,South Region,99,99,REGION SOUTH,99,,99,,99,South Region,1236,263.284020832668,255.41362087854,527,225.461297236709,709,300.790795547108,564,586.650578849374,82,436.193414543327,458,162.926124741648,58,96.7085737152766,27,200.982581509603,121,120.200665573933,373,459.399209291441,319,244.926790691246,327,302.909599547951,96,194.328050039473
Mood Disorders,Hospitalization,2011,Chula Vista,21,4,SOUTH,5,Very Urban Area,1,Lowest Income,1,Supervisorial District 1,475,409.790101196587,407.975865926569,214,383.320197750233,261,434.384621785803,218,1041.46760940187,31,809.610864455471,171,207.209936382914,21,346.363186541316,13,507.020280811232,50,204.926431411123,141,741.831956647551,122,394.809229474774,114,423.194001039424,48,327.242977911099
Mood Disorders,Hospitalization,2011,Coronado,3,4,SOUTH,2,Exurban Area,6,Highest Income,1,Supervisorial District 1,42,180.033434780745,179.148285731468,15,112.183082791115,27,271.13878288813,32,187.408491947291,,,,,,,,,,,11,193.457615195216,11,183.119693690694,9,179.604869287567,7,197.684269980232
Mood Disorders,Hospitalization,2011,National City,4,4,SOUTH,5,Very Urban Area,1,Lowest Income,1,Supervisorial District 1,188,321.416970132157,321.877580915174,69,229.923358880373,119,417.82240792107,79,1198.60415718404,12,484.457004440856,88,234.298037753934,7,66.2126371547484,,,17,139.550155967821,45,367.707141689819,45,284.792101765711,65,533.136482939633,16,263.244488318526
Mood Disorders,Hospitalization,2011,South Bay,22,4,SOUTH,3,Suburban Area,2,Low Income,1,Supervisorial District 1,328,242.736408981247,234.227617382764,143,210.139603232917,185,275.806547796529,130,646.283867760378,15,288.961664419187,149,159.734133790738,15,114.819350887936,6,172.612197928654,28,94.4796868673235,93,391.298859763538,99,263.23486399532,91,294.365012615643,17,128.787878787879
Mood Disorders,Hospitalization,2011,Sweetwater,20,4,SOUTH,3,Suburban Area,6,Highest Income,1,Supervisorial District 1,203,148.613429382998,142.813463115856,86,129.354431141327,117,166.875855773619,105,334.118246038312,22,363.876943433675,49,75.9324975593126,13,44.274913153055,6,114.700822022558,22,70.1441142711389,83,404.976823615516,42,105.197244834064,48,145.905526171804,8,67.1478932348498
Mood Disorders,Hospitalization,2011,Unknown,99,99,UNKNOWN,99,,99,,99,,,,,,,,,,,,,,,,,,,,,,,,,,,,
Mood Disorders,Hospitalization,2012,San Diego County (Actual Rate),0,0,COUNTY,99,,99,,99,County Total,10755,342.142291109486,334.739245521829,4651,295.12488713107,6104,389.413366371374,7093,475.30020370966,742,532.346125424191,1881,181.699454998232,304,85.4088527399666,475,393.978351926347,854,141.802754692858,2563,509.830600179823,3109,349.305826295347,3232,417.634729842534,997,266.196750637457
Mood Disorders,Hospitalization,2012,Central Region,99,99,REGION CENTRAL,99,,99,,99,Central Region,2399,490.837964137525,488.584930810636,1212,485.752074065168,1187,496.142046262006,1386,978.820471895988,350,659.792259694233,485,228.386835500261,59,90.2734213626697,67,408.686104672441,154,166.935859773878,404,514.269711550701,812,496.842723579226,835,763.205279369693,194,430.078921699033
Mood Disorders,Hospitalization,2012,Central San Diego,1,3,CENTRAL,5,Very Urban Area,2,Low Income,4,Supervisorial District 4,1209,724.733245414219,693.932832512503,684,752.624282036047,525,691.353472569728,798,979.81435096508,146,1359.15099609011,182,303.328277862036,18,205.10483135825,38,648.796312105173,19,88.7560143878171,166,872.261047764174,458,648.247749532922,459,1175.14529301825,107,641.833123387919
Mood Disorders,Hospitalization,2012,Mid-City,6,3,CENTRAL,5,Very Urban Area,1,Lowest Income,4,Supervisorial District 4,625,379.010691133576,392.489250778578,280,341.018427174297,345,416.686796463597,358,784.760735658388,85,462.459194776931,125,175.389364388943,23,95.0373951489608,15,276.090557702927,60,174.049255939431,102,318.421627696438,180,351.638047236711,216,634.379864313196,67,509.157230792613
Mood Disorders,Hospitalization,2012,Southeastern San Diego,5,3,CENTRAL,5,Very Urban Area,2,Low Income,4,Supervisorial District 4,565,359.796985347029,361.946944266882,248,324.0940395447,317,393.73012718601,230,1582.27848101266,119,497.387669801463,178,219.514601420679,18,55.5898702903027,14,274.294670846395,75,206.208242830827,136,494.653378919037,174,418.359741290183,160,440.7834926582,20,130.907186804556
Mood Disorders,Hospitalization,2012,East Region,99,99,REGION EAST,99,,99,,99,East Region,2150,457.461408342819,454.898402518009,905,390.79030321873,1245,522.224972001191,1518,545.691802760093,103,404.397330192383,297,242.030119303736,27,124.774712324969,149,677.734819194906,157,174.586053131985,489,698.551469958001,674,558.886207782946,612,477.438681894776,218,355.77315381477
Mood Disorders,Hospitalization,2012,Alpine,38,5,EAST,1,Rural Area,5,High Income,2,Supervisorial District 2,73,479.44305792723,493.457888282266,28,370.713623725672,45,586.47204483253,46,394.24065821049,,,9,363.342753330642,,,12,2234.63687150838,10,381.825124093165,24,1080.10801080108,18,574.712643678161,15,312.369845897543,6,244.798041615667
Mood Disorders,Hospitalization,2012,El Cajon,34,5,EAST,4,Urban Area,2,Low Income,2,Supervisorial District 2,474,376.050203495521,375.297194115358,237,383.519968930028,237,368.86585422795,335,456.988513900636,20,298.462915982689,59,169.068974410408,7,151.187904967603,46,706.279748195916,27,105.357630623951,91,463.55254444501,155,467.811547399873,141,440.446068784556,60,383.558141021543
Mood Disorders,Hospitalization,2012,Harbison Crest/El Cajon,37,5,EAST,99,,99,,2,Supervisorial District 2,812,576.229810667348,578.224482622877,368,531.62289445552,444,619.298686082517,588,692.84064665127,36,526.546731022378,96,257.628210289027,10,204.0399918384,69,979.14005959983,49,176.278015613196,163,751.87969924812,278,774.394829939553,235,632.536606373816,87,473.108923813149
Mood Disorders,Hospitalization,2012,Jamul,30,5,EAST,1,Rural Area,6,Highest Income,2,Supervisorial District 2,58,320.81420432546,302.857731111035,25,240.569668976135,33,429.296214387928,38,392.035489528526,,,6,103.770321687997,,,5,956.022944550669,,,13,416,20,459.03144365389,21,366.108786610879,,
Mood Disorders,Hospitalization,2012,La Mesa,33,5,EAST,4,Urban Area,2,Low Income,2,Supervisorial District 2,354,586.870026525199,585.794861611999,137,475.595362077345,217,688.582852065749,266,716.633439301687,12,297.47149231532,43,337.122696981576,,,20,729.128691213999,18,177.918355243649,60,773.79417075058,117,657.931732553562,96,615.58191728118,63,694.521000992173
Mood Disorders,Hospitalization,2012,Laguna-Pine Valley,61,5,EAST,1,Rural Area,3,Moderately Low Income,2,Supervisorial District 2,10,176.83465959328,195.234219015504,5,165.562913907285,5,189.753320683112,10,249.376558603491,,,,,,,,,,,,,,,,,,
Mood Disorders,Hospitalization,2012,Lakeside,36,5,EAST,2,Exurban Area,3,Moderately Low Income,2,Supervisorial District 2,184,323.084757071869,318.099051775944,66,234.283483014447,118,410.006949270327,143,348.66993392339,,,21,191.100191100191,,,8,292.611558156547,19,167.578056094549,43,517.573423206548,57,397.933538117844,58,359.222098352533,7,102.414045354792
Mood Disorders,Hospitalization,2012,Lemon Grove,32,5,EAST,5,Very Urban Area,2,Low Income,2,Supervisorial District 2,139,461.640650946529,459.101075643775,56,382.59206121473,83,536.418276998643,79,855.811938034882,12,288.739172281039,30,228.362639872117,,,11,858.034321372855,23,372.228515941091,31,645.295587010824,40,508.323802262041,28,362.788287121016,17,480.225988700565
Mood Disorders,Hospitalization,2012,Mountain Empire,62,5,EAST,1,Rural Area,2,Low Income,2,Supervisorial District 2,44,513.838607964498,523.683900989248,21,455.531453362256,23,581.8365798128,33,751.024123805189,,,6,185.98884066956,,,,,,,5,394.944707740916,11,586.666666666667,22,915.141430948419,,
Mood Disorders,Hospitalization,2012,Santee,35,5,EAST,3,Suburban Area,4,Moderately High Income,2,Supervisorial District 2,246,473.532242540905,457.864704248531,93,369.311412913986,153,571.578003586372,188,493.140623770427,10,1207.72946859903,25,289.151052509831,,,12,553.250345781466,17,174.341093221208,95,1282.05128205128,53,393.554614984778,70,468.603561387067,11,172.305764411028
Mood Disorders,Hospitalization,2012,Spring Valley,31,5,EAST,4,Urban Area,4,Moderately High Income,2,Supervisorial District 2,230,279.754302742808,279.48777202614,106,265.072895046138,124,293.657935868896,127,333.674890307664,24,326.353005167256,61,222.222222222222,,,10,258.933195235629,17,100.49657129345,51,406.018629090041,78,373.92138063279,64,294.700004604688,20,196.831020568842
Mood Disorders,Hospitalization,2012,North Central Region,99,99,REGION N CENTRAL,99,,99,,99,North Central Region,1707,277.519009320542,269.887313797461,685,220.284150474978,1022,336.039404072587,1241,340.031674183349,76,409.152086137281,177,196.313302721767,95,83.2559199340964,74,271.221228558862,163,169.835894764262,447,432.218139624831,456,234.378613979451,448,308.799404458291,193,253.737033774634
Mood Disorders,Hospitalization,2012,Coastal,11,2,N CENTRAL,3,Suburban Area,5,High Income,4,Supervisorial District 4,212,279.340650652893,267.975904232078,92,235.510956379275,120,325.830188166934,168,277.502477700694,6,765.30612244898,17,200.424428200896,8,228.310502283105,9,348.432055749129,,,48,434.546442151005,66,236.127508854782,60,363.61432640446,35,274.83313702395
Mood Disorders,Hospitalization,2012,Del Mar-Mira Mesa,13,2,N CENTRAL,3,Suburban Area,6,Highest Income,3,Supervisorial District 3,268,167.406879923043,171.235664648066,120,149.78842385131,148,185.055516654996,188,247.854346020488,8,228.702115494568,13,78.7020220365662,38,66.7720962923915,12,164.113785557987,32,101.410236095706,90,426.600938522065,68,148.66637516397,53,114.631772466746,25,161.686715819428
Mood Disorders,Hospitalization,2012,Elliott-Navajo,17,2,N CENTRAL,2,Exurban Area,5,High Income,3,Supervisorial District 3,269,298.034523255556,306.9959820969,95,216.810826848027,174,374.66893477746,187,311.557621499142,11,278.763304612266,51,376.745216813179,,,8,174.939864421605,43,249.637155297533,68,629.687934067969,63,247.03944788644,64,284.76084538376,31,217.437048467419
Mood Disorders,Hospitalization,2012,Kearny Mesa,10,2,N CENTRAL,4,Urban Area,3,Moderately Low Income,4,Supervisorial District 4,664,435.57835490452,443.161318118073,264,347.720717042267,400,522.752816330798,471,563.673571967113,41,632.325724861197,81,232.451357401136,27,131.765165194476,27,382.382098852854,75,307.213369925859,169,823.50648084982,174,338.14641351031,189,519.659059664559,57,289.648864271559
Mood Disorders,Hospitalization,2012,Miramar,16,2,N CENTRAL,99,,99,,3,Supervisorial District 3,,,,,,,,,,,,,,,,,,,,,,,,,,,
Mood Disorders,Hospitalization,2012,Peninsula,2,2,N CENTRAL,4,Urban Area,3,Moderately Low Income,4,Supervisorial District 4,167,264.0232719914,265.404150811065,56,162.483679094734,111,385.590718032445,145,305.398176035721,5,231.160425335183,10,115.620302925194,,,,,9,110.960424115399,26,214.663143989432,50,233.383121732636,56,396.544398810367,26,347.454229587064
Mood Disorders,Hospitalization,2012,University,12,2,N CENTRAL,4,Urban Area,4,Moderately High Income,3,Supervisorial District 3,124,182.117260016449,182.242994761449,58,171.974144576884,66,192.072638379605,81,234.89835571151,5,408.163265306122,5,70.5417607223476,17,75.8657622277758,14,485.436893203883,,,45,181.678711292341,35,163.719711853307,24,258.258904551813,19,294.985250737463
Mood Disorders,Hospitalization,2012,North Coastal Region,99,99,REGION N COASTAL,99,,99,,99,North Coastal Region,1417,275.465491969316,267.280741824784,552,210.650038542851,865,342.76973798919,1083,362.029370175867,74,526.54048669418,145,96.459600058541,32,101.09306880647,49,254.876462938882,113,110.436762736877,359,420.857658671543,351,257.790638747916,477,375.954664754053,117,183.54380735744
Mood Disorders,Hospitalization,2012,Carlsbad,41,1,N COASTAL,3,Suburban Area,5,High Income,5,Supervisorial District 5,308,262.290614594599,257.956951270551,118,206.738265851394,190,314.830157415079,265,310.81398076472,,,20,112.397437338429,8,92.6998841251448,5,119.703136222169,21,96.1890802491755,78,568.969290247283,60,204.876049989756,116,347.961724210337,33,171.312879613767
Mood Disorders,Hospitalization,2012,Oceanside,42,1,N COASTAL,3,Suburban Area,3,Moderately Low Income,5,Supervisorial District 5,573,355.408347444223,351.976916834308,216,269.871810889827,357,439.736404508222,405,551.898941171661,44,681.220003096455,71,114.41647597254,15,119.274809160305,21,311.065027403348,40,117.723232679969,152,627.088576261397,146,326.73156540226,196,500.268000714669,39,203.740465991015
Mood Disorders,Hospitalization,2012,Pendleton,43,1,N COASTAL,99,,99,,5,Supervisorial District 5,,,,,,,,,,,,,,,,,,,,,,,,,,,
Mood Disorders,Hospitalization,2012,San Dieguito,40,1,N COASTAL,2,Exurban Area,6,Highest Income,3,Supervisorial District 3,211,220.942408376963,222.610868320891,84,178.84136345249,127,261.688405349158,180,243.26954265326,,,8,59.6258478050235,,,12,399.467376830892,15,90.2092855424585,58,542.106738947565,41,171.447687547044,72,243.300780590004,25,170.462293740625
Mood Disorders,Hospitalization,2012,Vista,52,1,N COASTAL,3,Suburban Area,2,Low Income,5,Supervisorial District 5,322,315.438871473354,313.482605046056,133,258.227356567324,189,373.702422145329,231,534.511881898327,23,906.225374310481,46,94.094544561949,6,139.372822299652,10,319.182891797,37,169.499289935407,70,432.472507104905,102,349.207436064227,93,383.441906489651,20,188.643652141105
Mood Disorders,Hospitalization,2012,North Inland Region,99,99,REGION N INLAND,99,,99,,99,North Inland Region,1764,303.171441387714,301.374241904258,716,249.88744594788,1048,354.8692943248,1282,408.859689687615,59,586.364539852912,231,133.002458530294,51,81.5960833879974,96,435.413642960813,155,129.54342211933,502,605.293301983481,451,308.701128025408,479,308.407484193312,177,227.351547146545
Mood Disorders,Hospitalization,2012,Anza-Borrego Springs,63,6,N INLAND,1,Rural Area,1,Lowest Income,5,Supervisorial District 5,16,323.101777059774,401.992886796651,10,403.551251008878,6,242.522231204527,14,490.711531720995,,,,,,,,,,,,,,,9,626.740947075209,,
Mood Disorders,Hospitalization,2012,Escondido,50,6,N INLAND,2,Exurban Area,3,Moderately Low Income,3,Supervisorial District 3,624,377.180575200377,377.850615728592,230,280.409153530107,394,472.33710963256,435,623.468203121641,27,835.137643055985,107,138.07164240735,12,113.668655868144,31,707.601004336909,50,136.559785874256,158,604.761540228125,177,391.514963834635,174,443.334692213616,65,356.340112932405
Mood Disorders,Hospitalization,2012,Fallbrook,55,6,N INLAND,1,Rural Area,4,Moderately High Income,5,Supervisorial District 5,105,217.991570992588,224.781492803398,46,191.427382438618,59,244.437999751419,69,256.105708559127,,,25,136.232357909651,,,7,600.858369098713,5,55.3587245349867,28,384.932636788562,28,274.941084053417,29,224.928255642597,15,170.765027322404
Mood Disorders,Hospitalization,2012,North San Diego,14,6,N INLAND,3,Suburban Area,6,Highest Income,3,Supervisorial District 3,351,316.424315090104,330.631100293676,160,298.32379318703,191,333.368241002548,245,382.01266099105,12,482.315112540193,30,260.461885744053,27,98.1818181818182,21,397.200680915453,32,139.725788140774,139,1059.12831453825,72,237.16977402991,72,236.795369335,36,254.650916035934
Mood Disorders,Hospitalization,2012,Palomar-Julian,60,6,N INLAND,1,Rural Area,2,Low Income,5,Supervisorial District 5,23,352.274467759228,385.474911671518,15,467.435338111561,8,240.963855421687,20,435.824798431031,,,,,,,,,,,,,10,901.713255184851,,,9,547.778454047474
Mood Disorders,Hospitalization,2012,Pauma,54,6,N INLAND,1,Rural Area,5,High Income,5,Supervisorial District 5,9,115.41420877148,100.639598826167,,,5,132.135306553911,8,267.916945746819,,,,,,,,,,,,,,,6,294.840294840295,,
Mood Disorders,Hospitalization,2012,Poway,15,6,N INLAND,2,Exurban Area,6,Highest Income,2,Supervisorial District 2,244,279.224123133261,279.100567125781,100,234.208492399934,144,322.234156820623,188,325.208877510422,8,555.170020818876,19,173.65871492551,6,43.6427116671516,18,522.344747533372,24,142.610969160378,67,564.163017851128,60,308.039839819283,74,270.655791668191,19,160.188854228143
Mood Disorders,Hospitalization,2012,Ramona,39,6,N INLAND,1,Rural Area,5,High Income,2,Supervisorial District 2,127,356.391188438333,356.332388812664,60,335.476656415991,67,377.464788732394,114,457.317073170732,,,8,91.0643141718839,,,,,13,193.625260649389,33,578.744300245528,36,459.770114942529,38,342.034203420342,7,163.589623743865
Mood Disorders,Hospitalization,2012,San Marcos,51,6,N INLAND,3,Suburban Area,3,Moderately Low Income,5,Supervisorial District 5,223,243.809107308807,241.428415402715,77,172.097805194225,146,312.479934935685,164,365.321215361312,7,419.664268585132,31,90.1713255184851,5,65.8154534684744,10,341.413451689997,27,133.92192847577,56,424.242424242424,51,205.413243112615,68,322.381832835538,21,172.371337109086
Mood Disorders,Hospitalization,2012,Valley Center,53,6,N INLAND,1,Rural Area,5,High Income,5,Supervisorial District 5,42,178.321232963954,193.920175036978,14,118.463360974784,28,238.602471239881,25,170.63681659955,,,8,128.700128700129,,,6,370.599135268684,,,18,531.914893617021,11,247.691961269984,6,80.2031813928619,,
Mood Disorders,Hospitalization,2012,South Region,99,99,REGION SOUTH,99,,99,,99,South Region,1318,278.444429421309,272.180631157397,581,246.904136600457,737,309.624837205394,583,614.499230558425,80,440.165061898212,546,190.915766285534,40,65.9239237919441,40,293.491818915548,112,109.674892283588,362,438.793197493303,365,282.481503265951,381,349.470749023133,98,194.093996949951
Mood Disorders,Hospitalization,2012,Chula Vista,21,4,SOUTH,5,Very Urban Area,1,Lowest Income,1,Supervisorial District 1,516,442.527207704776,443.008934707181,227,404.360682603584,289,477.962457620111,236,1155.72967678746,32,866.035182679296,215,256.502028155572,11,180.712994907179,13,503.680743897714,43,173.569064341648,129,670.234322232036,146,476.345840130506,162,596.904937361828,36,243.374797187669
Mood Disorders,Hospitalization,2012,Coronado,3,4,SOUTH,2,Exurban Area,6,Highest Income,1,Supervisorial District 1,41,176.823219907707,188.958157916895,16,121.092863089382,25,250.651694405454,39,231.248147050104,,,,,,,,,5,162.443144899285,8,140.869871456242,10,169.981302056774,13,263.584752635848,5,138.312586445367
Mood Disorders,Hospitalization,2012,National City,4,4,SOUTH,5,Very Urban Area,1,Lowest Income,1,Supervisorial District 1,177,301.266339869281,305.915408614827,92,305.861232088833,85,296.446133993653,63,984.375,10,415.1100041511,82,215.415331266747,13,122.989593188269,,,8,64.9245252394092,46,373.740656483588,52,327.744863229547,46,376.370479463263,25,414.318859794498
Mood Disorders,Hospitalization,2012,South Bay,22,4,SOUTH,3,Suburban Area,2,Low Income,1,Supervisorial District 1,393,289.840108560977,281.09099814837,168,246.413799172754,225,333.758566469873,151,767.471410419314,20,402.81973816717,194,205.454064072015,,,15,429.676310512747,38,125.661375661376,114,483.58360906083,103,275.209747234543,121,391.535076365519,17,126.412849494349
Mood Disorders,Hospitalization,2012,Sweetwater,20,4,SOUTH,3,Suburban Area,6,Highest Income,1,Supervisorial District 1,191,137.202787156095,134.071021693831,78,115.203970106047,113,158.033117028418,94,298.280129466269,18,305.136463807425,55,82.8924959684104,13,43.22239585065,8,149.003538834047,18,56.7715889736958,65,299.663454889125,54,137.101073958413,39,115.302743614002,15,119.028725599111
Mood Disorders,Hospitalization,2012,Unknown,99,99,UNKNOWN,99,,99,,99,,1111,,,791,,320,,766,,110,,130,,9,,52,,7,,128,,470,,461,,45,
Mood Disorders,Hospitalization,2013,San Diego County (Actual Rate),0,0,COUNTY,99,,99,,99,County Total,10618,336.590614136806,329.019145614124,4509,285.459061093557,6108,387.806322868446,6970,469.388717161309,705,528.806846736024,1811,171.669507286712,370,102.625834528323,498,411.985638412283,941,155.685155312901,2755,544.656925446253,2847,322.201335658645,3151,406.802155496283,924,239.292068400239
Mood Disorders,Hospitalization,2013,Central Region,99,99,REGION CENTRAL,99,,99,,99,Central Region,2167,442.172706496898,434.721161265487,1103,440.819132269719,1064,443.584697995531,1214,860.529076526128,321,634.287069238065,440,203.606613513001,77,116.86143572621,64,390.172529415351,111,119.230480036951,400,514.118992840893,700,429.592807388996,795,722.523652425226,161,348.45467924855
Mood Disorders,Hospitalization,2013,Central San Diego,1,3,CENTRAL,5,Very Urban Area,2,Low Income,4,Supervisorial District 4,1070,637.663885578069,610.638180075126,614,671.287691601251,456,597.374695417507,717,879.474032823885,120,1158.63667085063,161,263.571475345426,23,257.357054940136,21,356.173677069199,28,125.078173858662,127,685.745140388769,370,527.043003860234,468,1189.20567159628,77,444.136817211744
Mood Disorders,Hospitalization,2013,Mid-City,6,3,CENTRAL,5,Very Urban Area,1,Lowest Income,4,Supervisorial District 4,601,364.472152144382,363.432428347652,271,329.992815654567,330,398.680729223297,312,690.2349453564,87,493.701055498808,126,174.281090501681,34,139.515798112433,27,499.537465309898,52,150.724637681159,136,433.134813210612,180,352.671486510316,183,530.83483204734,50,370.809848709582
Mood Disorders,Hospitalization,2013,Southeastern San Diego,5,3,CENTRAL,5,Very Urban Area,2,Low Income,4,Supervisorial District 4,496,315.152747420322,314.893490949677,218,284.495021337127,278,344.242604356279,185,1289.37831056593,114,503.778337531486,153,184.956843403206,20,61.3817021145996,16,313.602508820071,31,85.6093452265886,137,491.321187777937,150,359.686353499748,144,397.757091953705,34,221.023207436781
Mood Disorders,Hospitalization,2013,East Region,99,99,REGION EAST,99,,99,,99,East Region,2022,428.651380503358,423.583778959558,785,337.611175144936,1237,517.149116205957,1382,498.202936585471,129,527.628941879014,278,220.81542848519,28,127.510360216768,139,631.531122217174,179,199.930750242933,489,693.007567812704,549,456.180876964112,610,478.91592277677,195,305.159543669113
Mood Disorders,Hospitalization,2013,Alpine,38,5,EAST,1,Rural Area,5,High Income,2,Supervisorial District 2,37,239.714933592485,226.694373785397,17,221.758413775111,20,257.433389110568,26,221.880867042157,,,,,,,,,6,243.80333197887,7,293.009627459188,7,221.029365329965,14,289.435600578871,,
Mood Disorders,Hospitalization,2013,El Cajon,34,5,EAST,4,Urban Area,2,Low Income,2,Supervisorial District 2,469,371.758998707959,371.457445208603,204,329.995632410747,265,411.887220616121,317,434.4548756253,29,451.36186770428,46,129.238895288399,8,171.269535431385,51,784.25342149777,43,169.038446418744,95,482.306950297,119,359.527478171546,151,475.261236308699,61,377.685592223392
Mood Disorders,Hospitalization,2013,Harbison Crest/El Cajon,37,5,EAST,99,,99,,2,Supervisorial District 2,815,577.363115352191,572.963533866129,327,471.915949893206,488,679.032100964281,561,663.622598656194,49,747.292969345737,89,233.687803597217,13,262.94498381877,73,1037.37388091516,70,253.834717336911,153,702.382591929486,218,606.752205739097,282,766.554311188431,92,482.129755790798
Mood Disorders,Hospitalization,2013,Jamul,30,5,EAST,1,Rural Area,6,Highest Income,2,Supervisorial District 2,73,396.502091141166,373.445103638279,28,265.20174275431,45,573.029415509996,47,481.36009832036,7,858.895705521472,14,232.480903354367,,,,,,,23,719.199499687305,26,597.152044097382,21,359.897172236504,,
Mood Disorders,Hospitalization,2013,La Mesa,33,5,EAST,4,Urban Area,2,Low Income,2,Supervisorial District 2,294,487.077534791253,507.261233795593,87,300.746681415929,207,658.564520234156,195,527.397630767566,30,772.399588053553,40,306.302167087832,5,134.770889487871,18,658.616904500549,25,241.919876137023,74,1012.58894362343,88,490.770174558028,73,472.277932328395,34,364.415862808146
Mood Disorders,Hospitalization,2013,Laguna-Pine Valley,61,5,EAST,1,Rural Area,3,Moderately Low Income,2,Supervisorial District 2,,,,,,,,,,,,,,,,,,,,,,,,,,,
Mood Disorders,Hospitalization,2013,Lakeside,36,5,EAST,2,Exurban Area,3,Moderately Low Income,2,Supervisorial District 2,187,326.797385620915,316.908690468948,77,271.729540882945,110,380.820495066644,158,385.102856585746,,,12,106.69511869832,,,8,292.932991578176,22,195.035460992908,47,550.351288056206,50,353.982300884956,57,354.631991538605,11,152.692948362021
Mood Disorders,Hospitalization,2013,Lemon Grove,32,5,EAST,5,Very Urban Area,2,Low Income,2,Supervisorial District 2,124,411.768612605433,412.412256655299,49,334.493822103898,75,484.966052376334,69,754.180784785222,12,302.648171500631,32,238.877276799044,,,6,470.588235294118,5,80.5023345677025,33,691.678893313771,45,571.646341463415,29,379.084967320261,12,332.409972299169
Mood Disorders,Hospitalization,2013,Mountain Empire,62,5,EAST,1,Rural Area,2,Low Income,2,Supervisorial District 2,40,465.766185374942,471.512809270166,17,367.885739017529,23,579.783211494832,29,672.853828306265,,,7,209.95800839832,,,,,,,7,530.30303030303,10,539.374325782093,18,781.589231437256,5,341.997264021888
Mood Disorders,Hospitalization,2013,Santee,35,5,EAST,3,Suburban Area,4,Moderately High Income,2,Supervisorial District 2,219,418.585982147977,416.305804280317,78,307.777295505662,141,522.686832740214,174,455.425849343035,,,23,258.659469185785,,,13,596.056854653829,20,206.504904491482,86,1132.77133825079,55,413.689356901091,44,294.7086403215,14,205.36893061464
Mood Disorders,Hospitalization,2013,Spring Valley,31,5,EAST,4,Urban Area,4,Moderately High Income,2,Supervisorial District 2,229,277.666630291126,273.977706754857,103,256.729810568295,126,297.499586806129,120,317.493914699968,27,383.413802896904,57,202.256759633809,5,89.9928005759539,12,307.929176289453,30,178.306092124814,56,438.047559449312,50,240.338396462219,71,328.627632492479,22,210.425633668101
Mood Disorders,Hospitalization,2013,North Central Region,99,99,REGION N CENTRAL,99,,99,,99,North Central Region,1690,273.209909274911,266.133350869326,679,217.385736422196,1011,330.150478081404,1200,329.337373205111,78,430.17868960953,178,192.80344879877,88,75.7706216635096,96,347.700108656284,156,161.038907412951,479,464.971800770747,434,222.447745281955,440,302.524012843519,181,231.638490382523
Mood Disorders,Hospitalization,2013,Coastal,11,2,N CENTRAL,3,Suburban Area,5,High Income,4,Supervisorial District 4,193,253.980786945651,244.745645386489,66,168.54793401093,127,344.808861859253,145,240.28104596825,,,11,126.976797876024,19,533.408197641774,11,419.367136866184,,,45,402.792696025779,65,233.535730966838,49,298.053527980535,32,248.138957816377
Mood Disorders,Hospitalization,2013,Del Mar-Mira Mesa,13,2,N CENTRAL,3,Suburban Area,6,Highest Income,3,Supervisorial District 3,282,175.177040626165,176.847592269508,124,154.225019278127,158,196.083298170717,196,258.496762196167,11,330.132052821128,21,124.422324920014,31,53.7932949260776,13,177.619893428064,37,118.741976893453,88,396.432111000991,69,154.903017241379,57,121.875601359875,31,190.079097430866
Mood Disorders,Hospitalization,2013,Elliott-Navajo,17,2,N CENTRAL,2,Exurban Area,5,High Income,3,Supervisorial District 3,276,304.854476169437,321.414023423745,104,236.266981689309,172,369.757293032655,203,339.402451054154,23,595.700595700596,32,230.863574056706,5,59.68011458582,10,216.262975778547,35,202.136875541438,84,776.627218934911,71,278.017072597698,58,260.580465450625,28,191.675794085433
Mood Disorders,Hospitalization,2013,Kearny Mesa,10,2,N CENTRAL,4,Urban Area,3,Moderately Low Income,4,Supervisorial District 4,668,434.440462796158,446.702535273572,292,381.674400365989,376,486.693590141866,451,538.578201315994,41,652.970218187609,83,232.695057332698,24,114.558472553699,45,631.667602470522,64,254.574383452665,187,949.817147501016,149,286.455830049024,203,554.387306442363,65,320.181271858529
Mood Disorders,Hospitalization,2013,Miramar,16,2,N CENTRAL,99,,99,,3,Supervisorial District 3,,,,,,,,,,,,,,,,,,,,,,,,,,,
Mood Disorders,Hospitalization,2013,Peninsula,2,2,N CENTRAL,4,Urban Area,3,Moderately Low Income,4,Supervisorial District 4,130,206.96023179546,208.759409202029,41,120.474847202633,89,309.221040928358,109,232.478778313356,,,13,147.99635701275,,,,,9,107.694148617925,31,268.933807582198,49,228.204172876304,32,229.588176208925,9,119.68085106383
Mood Disorders,Hospitalization,2013,University,12,2,N CENTRAL,4,Urban Area,4,Moderately High Income,3,Supervisorial District 3,138,198.873052701359,226.974732949662,49,142.541307889225,89,254.176781379409,94,270.558098034136,,,18,242.391597091301,9,39.2310710082385,13,431.893687707641,9,140.0342305897,43,175.102822005945,31,137.350465219318,39,417.737789203085,16,246.115982156591
Mood Disorders,Hospitalization,2013,North Coastal Region,99,99,REGION N COASTAL,99,,99,,99,North Coastal Region,1544,301.089107945515,298.111364189773,649,249.868135845105,895,353.659885880475,1169,394.442045025104,54,412.213740458015,179,117.420937661946,34,106.844321538558,74,388.003355704698,169,163.71527105049,410,486.993704715524,374,280.766025809454,460,363.56738642471,131,199.524795905934
Mood Disorders,Hospitalization,2013,Carlsbad,41,1,N COASTAL,3,Suburban Area,5,High Income,5,Supervisorial District 5,341,288.413556282933,298.806271761713,124,215.776010579985,217,357.10759306191,276,323.185011709602,10,657.894736842105,25,136.768969856119,,,15,356.718192627824,37,170.821791320406,107,735.142562693233,82,285.903559847983,74,220.961481039116,41,206.580339597924
Mood Disorders,Hospitalization,2013,Oceanside,42,1,N COASTAL,3,Suburban Area,3,Moderately Low Income,5,Supervisorial District 5,603,373.3052683712,379.3889916209,257,320.993205435651,346,424.71705987774,449,615.144332862956,32,523.474562407983,69,109.556850478716,12,94.5105142947153,30,444.57617071725,69,196.368603790768,148,627.464281171832,139,311.861973031792,200,515.942627179858,47,241.397021058038
Mood Disorders,Hospitalization,2013,Pendleton,43,1,N COASTAL,99,,99,,5,Supervisorial District 5,,,,,,,,,,,,,,,,,,,,,,,,,,,
Mood Disorders,Hospitalization,2013,San Dieguito,40,1,N COASTAL,2,Exurban Area,6,Highest Income,3,Supervisorial District 3,241,250.485901073659,253.34989891578,101,213.197112340102,140,286.656155940949,203,273.478020719665,,,18,130.321459600348,5,109.075043630017,10,330.906684315023,20,121.373953149654,66,570.440795159896,55,236.559139784946,74,250.541711809317,26,169.061707523246
Mood Disorders,Hospitalization,2013,Vista,52,1,N COASTAL,3,Suburban Area,2,Low Income,5,Supervisorial District 5,358,348.408318978521,347.046130868182,166,320.896965010632,192,376.300883915097,240,559.936540525407,12,496.688741721854,67,134.107285828663,13,297.619047619048,19,603.749602796314,43,194.64940473496,88,550.343964978111,98,333.095408041875,112,460.091196647907,17,155.848918225156
Mood Disorders,Hospitalization,2013,North Inland Region,99,99,REGION N INLAND,99,,99,,99,North Inland Region,1897,324.545900918549,320.440526049523,763,264.942514766292,1133,382.096438038324,1455,466.708151835719,53,550.763795074301,206,116.02104148597,81,127.617337051567,71,321.223363344342,172,144.574262419097,614,713.165689064406,457,318.025873527304,497,320.49215213382,157,194.6176445067
Mood Disorders,Hospitalization,2013,Anza-Borrego Springs,63,6,N INLAND,1,Rural Area,1,Lowest Income,5,Supervisorial District 5,30,607.533414337789,837.8873353383,10,405.350628293474,20,809.388911371914,27,985.761226725082,,,,,,,,,,,7,1335.87786259542,11,1612.90322580645,,,6,364.741641337386
Mood Disorders,Hospitalization,2013,Escondido,50,6,N INLAND,2,Exurban Area,3,Moderately Low Income,3,Supervisorial District 3,595,358.522285624763,355.654719843346,245,297.41311288345,350,418.750448661195,428,619.320483880303,32,1036.94102397926,93,118.080243778568,8,75.2303930788038,28,640.585678334477,38,103.689150840428,164,618.65781432721,171,380.592032049855,180,460.581868427113,42,223.511255388218
Mood Disorders,Hospitalization,2013,Fallbrook,55,6,N INLAND,1,Rural Area,4,Moderately High Income,5,Supervisorial District 5,129,266.380325025296,271.101602298672,39,161.417159885766,90,370.889310145883,98,366.560688236394,,,23,122.203921151905,,,,,13,143.203348755232,39,532.350532350532,31,302.971071149335,30,235.867599654061,16,176.36684303351
Mood Disorders,Hospitalization,2013,North San Diego,14,6,N INLAND,3,Suburban Area,6,Highest Income,3,Supervisorial District 3,420,376.310366454619,390.01530727498,167,309.201999629698,252,437.5,331,516.695025054245,7,296.73590504451,23,194.503171247357,42,149.673924664125,14,263.95173453997,49,214.818062253398,160,1131.7818490486,96,326.275362811406,78,254.378240876627,37,253.824518076422
Mood Disorders,Hospitalization,2013,Palomar-Julian,60,6,N INLAND,1,Rural Area,2,Low Income,5,Supervisorial District 5,20,303.766707168894,326.566122484574,12,366.97247706422,8,241.40012070006,14,309.39226519337,,,,,,,,,,,,,,,,,8,447.427293064877
Mood Disorders,Hospitalization,2013,Pauma,54,6,N INLAND,1,Rural Area,5,High Income,5,Supervisorial District 5,11,139.949109414758,127.927636925992,9,224.047796863331,,,5,173.310225303293,,,,,,,5,355.618776671408,,,,,,,7,347.050074367873,,
Mood Disorders,Hospitalization,2013,Poway,15,6,N INLAND,2,Exurban Area,6,Highest Income,2,Supervisorial District 2,245,279.259563215246,277.6332882593,95,221.533008418254,150,334.455617739526,196,339.788152488602,,,16,142.488200195921,17,121.541431329091,7,202.95737895042,14,85.6216745153202,89,693.092438283623,56,298.078458508543,73,267.291567500275,13,104.484809516155
Mood Disorders,Hospitalization,2013,Ramona,39,6,N INLAND,1,Rural Area,5,High Income,2,Supervisorial District 2,144,401.886634478524,392.960775500835,58,323.101777059774,86,480.984340044743,125,501.725937224051,,,9,99.767209843698,,,,,15,227.859638462707,50,847.74499830451,33,427.073896725767,38,344.639941955378,8,174.026539047205
Mood Disorders,Hospitalization,2013,San Marcos,51,6,N INLAND,3,Suburban Area,3,Moderately Low Income,5,Supervisorial District 5,249,270.937836632101,265.4212374849,104,231.044364961233,145,309.234378332267,193,432.851888400466,7,438.59649122807,30,85.3606487409304,10,130.684788290643,6,205.338809034908,32,159.64877270006,79,582.509954284029,48,196.078431372549,67,313.714473006508,23,184.590690208668
Mood Disorders,Hospitalization,2013,Valley Center,53,6,N INLAND,1,Rural Area,5,High Income,5,Supervisorial District 5,54,228.185083456581,221.028631622276,24,202.73694880892,30,253.656886784476,38,261.707988980716,,,9,139.729855612483,,,,,6,151.324085750315,19,542.237442922374,6,136.116152450091,19,257.347961533252,,
Mood Disorders,Hospitalization,2013,South Region,99,99,REGION SOUTH,99,,99,,99,South Region,1298,272.176742937664,266.114182166449,530,223.858217497265,768,319.814773943424,550,585.461396804445,70,402.137071293158,530,182.371866558849,62,101.222837178169,54,394.736842105263,154,149.910443111907,363,431.341793811493,333,259.529729013553,349,316.883824397331,99,191.9795221843
Mood Disorders,Hospitalization,2013,Chula Vista,21,4,SOUTH,5,Very Urban Area,1,Lowest Income,1,Supervisorial District 1,499,428.764145350186,430.132922621111,188,335.444731911857,311,515.446831079289,226,1137.39305485657,24,690.448791714614,190,225.033162781884,22,364.721485411141,25,972.384286269934,64,259.329794562178,128,662.971979074947,141,464.044758927102,124,457.176566014084,42,282.125344260093
Mood Disorders,Hospitalization,2013,Coronado,3,4,SOUTH,2,Exurban Area,6,Highest Income,1,Supervisorial District 1,44,189.646997974225,192.433549039543,10,75.7518369820468,34,340,37,221.583423164451,,,,,,,,,,,7,119.59678797198,13,222.298221614227,16,326.797385620915,7,196.90576652602
Mood Disorders,Hospitalization,2013,National City,4,4,SOUTH,5,Very Urban Area,1,Lowest Income,1,Supervisorial District 1,166,283.059084320914,286.781140013203,76,253.569998665421,90,313.884141875632,71,1147.56748020042,14,608.431116905693,67,174.63834223902,8,76.1397163795565,,,9,72.7743187515161,42,338.928340865074,47,298.072044647387,52,427.737106193962,16,268.411340379131
Mood Disorders,Hospitalization,2013,South Bay,22,4,SOUTH,3,Suburban Area,2,Low Income,1,Supervisorial District 1,363,265.492550849503,262.544238185314,166,241.774567063313,197,289.416465887054,136,698.97723184458,18,380.067567567568,176,183.289420243067,9,69.1138074028567,17,487.245629120092,42,136.089689585899,103,437.943790127131,84,224.803297115024,111,356.397495585166,23,166.24503071919
Mood Disorders,Hospitalization,2013,Sweetwater,20,4,SOUTH,3,Suburban Area,6,Highest Income,1,Supervisorial District 1,226,159.219963083513,151.088265282101,90,130.662020905923,136,186.14327557417,80,252.119378525732,11,193.832599118943,95,139.008794135292,23,74.765139940838,7,128.865979381443,38,119.605929936105,83,359.540827377085,48,123.260233167274,46,132.130751996323,11,82.5206301575394
Mood Disorders,Hospitalization,2013,Unknown,99,99,UNKNOWN,99,,99,,99,,1115,,,714,,401,,771,,107,,141,,11,,54,,8,,130,,472,,475,,30,
